"Date","Price","Open","High","Low","Vol.","Change %"
"03/04/2024","62.95","61.05","63.00","61.05","629.35K","3.28%"
"03/01/2024","60.95","62.20","62.55","60.95","4.88M","-1.69%"
"02/29/2024","62.00","62.90","63.15","61.85","4.72M","-1.51%"
"02/28/2024","62.95","61.95","62.95","61.80","3.62M","1.61%"
"02/27/2024","61.95","61.85","61.95","61.70","1.76M","0.16%"
"02/26/2024","61.85","61.25","62.00","61.25","2.57M","1.06%"
"02/23/2024","61.20","60.50","61.65","60.50","3.14M","1.92%"
"02/22/2024","60.05","59.85","60.55","59.80","9.95M","2.30%"
"02/21/2024","58.70","58.65","58.90","58.25","1.96M","-0.34%"
"02/20/2024","58.90","58.70","59.05","58.70","1.80M","0.34%"
"02/19/2024","58.70","59.00","59.10","58.60","1.40M","-0.59%"
"02/16/2024","59.05","59.40","59.55","59.05","984.11K","-0.59%"
"02/15/2024","59.40","59.55","59.80","59.20","2.32M","-0.17%"
"02/14/2024","59.50","59.00","59.60","59.00","1.98M","0.85%"
"02/13/2024","59.00","59.50","59.85","59.00","2.38M","-0.17%"
"02/12/2024","59.10","59.25","60.00","59.00","3.28M","-0.17%"
"02/08/2024","59.20","57.80","59.95","57.80","6.12M","2.60%"
"02/07/2024","57.70","56.80","57.85","56.60","2.40M","1.58%"
"02/06/2024","56.80","57.15","57.60","56.50","1.35M","-1.56%"
"02/05/2024","57.70","57.00","57.70","56.10","3.03M","1.14%"
"02/02/2024","57.05","57.00","57.75","56.50","1.43M","0.26%"
"02/01/2024","56.90","57.00","57.00","56.20","1.42M","-0.35%"
"01/31/2024","57.10","56.50","57.35","56.20","1.43M","1.78%"
"01/30/2024","56.10","56.60","57.70","56.10","1.06M","-0.71%"
"01/29/2024","56.50","57.50","57.80","56.35","1.58M","-2.25%"
"01/26/2024","57.80","57.65","57.80","57.00","1.10M","0.52%"
"01/25/2024","57.50","58.00","58.00","57.05","827.17K","-0.86%"
"01/24/2024","58.00","57.90","58.25","57.80","1.29M","0.00%"
"01/23/2024","58.00","56.90","58.00","56.80","3.56M","1.93%"
"01/22/2024","56.90","56.25","56.90","55.95","2.47M","1.07%"
"01/19/2024","56.30","55.20","56.30","55.20","1.53M","1.90%"
"01/18/2024","55.25","55.50","55.50","54.80","2.62M","-0.45%"
"01/17/2024","55.50","55.50","56.20","54.80","3.20M","0.36%"
"01/16/2024","55.30","56.40","56.95","55.30","1.61M","-1.95%"
"01/15/2024","56.40","57.35","57.35","56.40","1.37M","-1.74%"
"01/12/2024","57.40","55.95","57.60","55.95","6.05M","2.50%"
"01/11/2024","56.00","55.90","56.20","55.85","5.93M","0.90%"
"01/10/2024","55.50","55.40","56.00","54.50","5.60M","0.18%"
"01/09/2024","55.40","54.30","55.90","54.30","6.81M","2.21%"
"01/08/2024","54.20","54.70","54.80","54.00","2.07M","-0.46%"
"01/05/2024","54.45","53.90","54.80","53.60","3.11M","1.02%"
"01/04/2024","53.90","53.00","54.00","52.85","2.28M","1.60%"
"01/03/2024","53.05","53.15","53.40","52.80","1.20M","-0.19%"
"01/02/2024","53.15","51.35","53.15","51.35","2.87M","3.61%"
"12/29/2023","51.30","51.60","51.85","51.30","1.39M","-0.58%"
"12/28/2023","51.60","51.30","51.80","50.90","1.61M","0.19%"
"12/27/2023","51.50","50.70","51.75","50.55","4.48M","1.38%"
"12/22/2023","50.80","50.90","50.90","50.70","672.39K","-0.10%"
"12/21/2023","50.85","51.00","51.00","50.60","1.19M","-0.88%"
"12/20/2023","51.30","51.10","51.80","50.90","1.32M","0.69%"
"12/19/2023","50.95","50.50","51.00","50.50","1.41M","1.19%"
"12/18/2023","50.35","50.95","51.30","50.35","1.84M","-1.18%"
"12/15/2023","50.95","51.00","51.95","50.90","5.29M","0.00%"
"12/14/2023","50.95","50.55","51.10","50.55","2.79M","1.39%"
"12/13/2023","50.25","51.45","51.80","50.25","2.62M","-2.33%"
"12/12/2023","51.45","51.00","51.50","51.00","1.48M","0.00%"
"12/11/2023","51.45","51.45","51.60","51.05","1.13M","0.00%"
"12/07/2023","51.45","50.90","51.85","50.90","723.27K","1.18%"
"12/06/2023","50.85","50.50","51.30","50.40","10.65M","0.69%"
"12/05/2023","50.50","51.30","51.55","50.35","1.68M","-1.85%"
"12/04/2023","51.45","50.90","51.65","50.20","1.17M","2.49%"
"12/01/2023","50.20","50.35","50.75","50.05","1.49M","0.50%"
"11/30/2023","49.95","50.75","50.75","49.20","8.02M","-1.77%"
"11/29/2023","50.85","51.65","51.80","50.45","3.31M","-1.26%"
"11/28/2023","51.50","51.95","52.15","51.50","2.13M","-0.87%"
"11/24/2023","51.95","51.95","52.25","51.90","643.14K","0.10%"
"11/23/2023","51.90","52.00","52.00","51.65","864.24K","-0.19%"
"11/22/2023","52.00","52.70","53.00","51.95","1.44M","-1.52%"
"11/21/2023","52.80","51.50","52.80","51.50","919.96K","2.52%"
"11/20/2023","51.50","52.10","52.30","51.50","1.84M","-1.15%"
"11/17/2023","52.10","52.75","52.80","52.10","1.49M","-0.19%"
"11/16/2023","52.20","52.30","52.90","52.05","1.22M","0.00%"
"11/15/2023","52.20","52.10","52.65","52.10","1.68M","0.00%"
"11/14/2023","52.20","52.55","52.85","52.20","916.78K","-0.67%"
"11/13/2023","52.55","52.50","52.90","52.35","256.36K","0.29%"
"11/10/2023","52.40","53.30","53.45","52.30","2.53M","-1.60%"
"11/09/2023","53.25","52.90","53.85","52.90","943.77K","0.09%"
"11/08/2023","53.20","52.75","53.40","52.50","1.55M","0.95%"
"11/07/2023","52.70","52.35","52.90","52.30","2.12M","0.67%"
"11/06/2023","52.35","52.20","52.55","52.00","623.96K","0.67%"
"11/03/2023","52.00","52.70","52.95","52.00","3.10M","-0.57%"
"10/31/2023","52.30","52.00","52.50","51.75","1.81M","0.58%"
"10/27/2023","52.00","52.10","52.40","51.85","794.24K","0.00%"
"10/26/2023","52.00","53.60","53.60","52.00","2.30M","-3.17%"
"10/25/2023","53.70","52.55","53.85","51.95","4.65M","2.97%"
"10/24/2023","52.15","52.40","52.45","52.05","517.16K","-1.32%"
"10/23/2023","52.85","51.90","52.85","51.85","975.73K","1.93%"
"10/20/2023","51.85","52.60","52.85","51.85","2.38M","-1.33%"
"10/19/2023","52.55","53.95","53.95","52.55","2.04M","-2.59%"
"10/18/2023","53.95","52.60","53.95","52.60","2.02M","2.96%"
"10/17/2023","52.40","53.00","53.50","52.40","1.31M","-0.95%"
"10/16/2023","52.90","53.85","53.90","52.90","622.86K","-1.86%"
"10/13/2023","53.90","53.80","54.30","53.55","958.69K","0.00%"
"10/12/2023","53.90","53.45","53.90","52.90","840.96K","0.84%"
"10/11/2023","53.45","52.20","53.45","52.05","1.84M","3.38%"
"10/10/2023","51.70","52.25","52.45","51.70","2.21M","-0.39%"
"10/09/2023","51.90","52.10","52.80","51.90","2.25M","-0.57%"
"10/06/2023","52.20","52.65","52.70","51.90","2.42M","-0.76%"
"10/05/2023","52.60","53.55","53.65","52.60","1.86M","-1.68%"
"10/04/2023","53.50","54.30","54.30","53.50","1.32M","-1.56%"
"10/03/2023","54.35","53.55","54.35","53.20","556.16K","1.21%"
"10/02/2023","53.70","54.00","54.10","53.05","1.61M","-0.56%"
"09/29/2023","54.00","54.65","54.85","53.60","1.90M","-0.28%"
"09/28/2023","54.15","54.00","54.65","54.00","783.65K","0.46%"
"09/27/2023","53.90","53.15","53.90","53.00","1.99M","1.51%"
"09/26/2023","53.10","53.40","53.90","53.10","2.13M","-0.56%"
"09/25/2023","53.40","53.50","54.00","53.30","725.02K","-0.19%"
"09/22/2023","53.50","53.50","53.60","53.10","1.98M","0.00%"
"09/21/2023","53.50","52.55","53.85","52.55","2.03M","1.81%"
"09/20/2023","52.55","52.50","52.90","52.00","2.22M","0.10%"
"09/19/2023","52.50","52.00","52.60","51.60","1.97M","0.96%"
"09/18/2023","52.00","53.40","54.20","52.00","3.05M","-2.07%"
"09/15/2023","53.10","54.35","54.55","53.10","1.57M","-2.48%"
"09/14/2023","54.45","54.55","54.75","54.15","906.25K","-1.00%"
"09/13/2023","55.00","55.60","55.60","54.35","1.30M","0.36%"
"09/12/2023","54.80","54.85","55.00","54.75","992.52K","-0.09%"
"09/11/2023","54.85","55.00","55.05","54.70","522.93K","-0.27%"
"09/08/2023","55.00","55.00","55.20","54.85","815.92K","0.00%"
"09/07/2023","55.00","55.00","55.25","54.80","1.36M","-0.90%"
"09/06/2023","55.50","55.75","55.85","55.30","685.48K","0.18%"
"09/05/2023","55.40","55.90","55.95","55.40","767.98K","-0.89%"
"09/04/2023","55.90","55.40","55.90","55.40","483.85K","0.90%"
"09/01/2023","55.40","55.20","55.65","55.00","1.27M","0.36%"
"08/31/2023","55.20","55.20","55.50","55.10","3.58M","0.36%"
"08/30/2023","55.00","54.75","55.45","54.75","1.42M","0.46%"
"08/29/2023","54.75","54.75","54.95","54.40","1.05M","0.00%"
"08/25/2023","54.75","54.80","55.00","54.50","1.12M","0.09%"
"08/24/2023","54.70","55.00","55.90","54.55","2.03M","0.46%"
"08/23/2023","54.45","55.70","55.75","54.40","1.61M","-2.24%"
"08/22/2023","55.70","56.95","56.95","55.35","1.99M","-2.19%"
"08/18/2023","56.95","57.00","57.05","56.25","1.23M","-0.35%"
"08/17/2023","57.15","57.20","57.40","56.75","1.80M","-0.09%"
"08/16/2023","57.20","56.90","57.45","56.55","1.26M","0.00%"
"08/15/2023","57.20","57.10","57.50","56.45","1.60M","-0.17%"
"08/14/2023","57.30","57.30","57.60","56.55","1.45M","0.17%"
"08/11/2023","57.20","57.05","57.65","57.00","1.05M","0.62%"
"08/10/2023","56.85","57.35","57.50","56.75","658.86K","-1.39%"
"08/09/2023","57.65","56.75","57.65","56.75","957.99K","1.59%"
"08/08/2023","56.75","57.00","57.70","56.65","582.65K","-0.44%"
"08/07/2023","57.00","56.55","57.25","56.30","1.54M","3.64%"
"08/04/2023","55.00","58.60","58.60","55.00","5.45M","-6.14%"
"08/03/2023","58.60","58.30","58.70","58.00","491.44K","1.03%"
"08/02/2023","58.00","58.65","59.00","57.95","2.91M","-1.11%"
"08/01/2023","58.65","58.95","58.95","57.75","1.27M","-2.25%"
"07/31/2023","60.00","57.80","60.00","56.60","3.53M","3.99%"
"07/28/2023","57.70","58.95","58.95","57.70","1.13M","-2.70%"
"07/27/2023","59.30","58.95","59.30","58.30","1.15M","0.51%"
"07/26/2023","59.00","59.35","59.35","58.05","1.24M","-0.76%"
"07/25/2023","59.45","57.60","59.75","57.60","2.70M","3.21%"
"07/24/2023","57.60","58.00","58.10","57.35","807.77K","-1.03%"
"07/21/2023","58.20","57.30","58.20","57.30","1.81M","1.66%"
"07/20/2023","57.25","56.05","57.45","56.00","1.32M","2.23%"
"07/19/2023","56.00","56.50","56.85","55.95","697.82K","-0.88%"
"07/18/2023","56.50","56.70","57.00","56.20","520.05K","-0.26%"
"07/17/2023","56.65","57.45","57.45","56.65","460.74K","-1.48%"
"07/14/2023","57.50","56.30","57.50","55.90","1.26M","0.09%"
"07/13/2023","57.45","55.10","57.45","55.10","2.15M","3.33%"
"07/12/2023","55.60","54.55","55.60","54.55","567.56K","2.96%"
"07/11/2023","54.00","54.00","54.70","54.00","718.84K","0.00%"
"07/10/2023","54.00","54.70","55.00","54.00","663.97K","-1.28%"
"07/07/2023","54.70","55.80","55.80","54.70","645.95K","-2.23%"
"07/06/2023","55.95","55.00","55.95","54.40","932.33K","1.73%"
"07/05/2023","55.00","55.40","55.40","54.25","1.24M","-0.72%"
"07/04/2023","55.40","54.85","55.60","54.85","483.37K","-0.27%"
"07/03/2023","55.55","55.70","55.85","54.70","856.67K","-0.27%"
"06/30/2023","55.70","56.20","56.20","55.05","1.56M","-0.89%"
"06/29/2023","56.20","55.20","56.20","54.90","1.69M","0.72%"
"06/27/2023","55.80","54.50","55.80","54.30","824.64K","1.45%"
"06/26/2023","55.00","53.75","55.95","53.50","2.66M","3.00%"
"06/23/2023","53.40","52.90","53.75","52.90","1.11M","0.95%"
"06/22/2023","52.90","53.00","53.40","52.55","2.03M","-0.19%"
"06/21/2023","53.00","53.80","54.05","52.45","5.97M","-2.39%"
"06/20/2023","54.30","53.15","54.30","52.80","2.63M","2.26%"
"06/19/2023","53.10","53.70","53.70","53.05","3.35M","-1.12%"
"06/16/2023","53.70","54.05","54.95","53.15","5.49M","-0.56%"
"06/15/2023","54.00","54.30","55.50","53.80","2.37M","-0.55%"
"06/14/2023","54.30","55.40","55.80","54.30","2.96M","-1.90%"
"06/13/2023","55.35","56.00","56.50","55.20","2.72M","-1.25%"
"06/09/2023","56.05","56.15","57.00","55.90","2.30M","-0.27%"
"06/08/2023","56.20","56.70","57.05","56.00","2.17M","-0.88%"
"06/07/2023","56.70","56.85","57.25","56.40","1.60M","-0.26%"
"06/06/2023","56.85","57.55","57.80","56.85","1.11M","-1.13%"
"06/05/2023","57.50","58.75","58.75","57.45","597.92K","-2.13%"
"06/02/2023","58.75","56.50","58.75","56.50","1.09M","3.98%"
"06/01/2023","56.50","57.55","57.65","56.40","882.93K","-1.91%"
"05/31/2023","57.60","57.15","57.60","56.10","5.93M","0.79%"
"05/30/2023","57.15","58.10","58.10","57.05","2.66M","-2.14%"
"05/29/2023","58.40","58.00","58.40","57.55","837.45K","0.43%"
"05/26/2023","58.15","58.80","58.80","57.55","1.29M","-1.27%"
"05/25/2023","58.90","59.30","59.30","58.65","942.09K","-0.67%"
"05/24/2023","59.30","59.50","59.80","59.05","973.79K","-0.34%"
"05/23/2023","59.50","59.00","59.65","59.00","1.56M","0.00%"
"05/22/2023","59.50","59.45","59.50","58.95","1.18M","0.00%"
"05/19/2023","59.50","58.75","59.80","58.75","1.74M","1.28%"
"05/18/2023","58.75","59.15","59.35","58.75","789.83K","-0.42%"
"05/17/2023","59.00","59.10","59.20","58.80","765.48K","0.00%"
"05/16/2023","59.00","58.80","59.90","58.65","1.44M","0.34%"
"05/15/2023","58.80","59.20","59.80","58.40","1.79M","-0.51%"
"05/12/2023","59.10","60.50","60.95","59.10","1.05M","-2.31%"
"05/11/2023","60.50","60.20","60.80","60.10","1.04M","0.50%"
"05/10/2023","60.20","59.95","60.20","59.80","1.29M","0.42%"
"05/09/2023","59.95","60.30","61.00","59.95","964.06K","-0.58%"
"05/08/2023","60.30","60.70","61.50","60.30","2.10M","0.00%"
"05/05/2023","60.30","59.00","60.30","59.00","2.53M","2.20%"
"05/04/2023","59.00","59.10","59.55","59.00","517.74K","-0.84%"
"05/03/2023","59.50","59.30","59.50","58.90","1.29M","0.17%"
"05/02/2023","59.40","58.90","59.70","58.80","1.21M","1.37%"
"04/28/2023","58.60","58.50","59.45","58.50","2.33M","0.34%"
"04/27/2023","58.40","58.30","59.20","58.30","444.99K","0.26%"
"04/26/2023","58.25","59.70","60.00","58.15","1.81M","-2.92%"
"04/25/2023","60.00","60.00","60.75","59.70","988.19K","0.00%"
"04/24/2023","60.00","58.35","60.40","58.10","3.03M","2.56%"
"04/20/2023","58.50","58.20","58.50","57.65","1.55M","0.17%"
"04/19/2023","58.40","58.40","58.40","57.40","1.20M","0.00%"
"04/18/2023","58.40","57.35","58.40","57.35","1.39M","1.92%"
"04/17/2023","57.30","58.45","58.45","57.30","1.35M","-1.97%"
"04/14/2023","58.45","58.00","58.50","58.00","1.17M","0.43%"
"04/13/2023","58.20","58.35","58.50","57.70","748.77K","-0.26%"
"04/12/2023","58.35","58.30","58.50","57.55","1.97M","0.09%"
"04/11/2023","58.30","57.55","58.45","57.55","2.55M","1.30%"
"04/05/2023","57.55","58.20","59.00","57.55","500.04K","-1.12%"
"04/04/2023","58.20","58.60","58.75","57.40","1.46M","-0.68%"
"04/03/2023","58.60","58.50","58.60","57.85","1.08M","0.17%"
"03/31/2023","58.50","58.50","58.55","57.50","1.66M","0.00%"
"03/30/2023","58.50","58.00","58.55","57.80","895.49K","0.26%"
"03/29/2023","58.35","57.75","58.35","57.00","1.80M","2.37%"
"03/28/2023","57.00","57.85","58.25","57.00","1.65M","-1.55%"
"03/27/2023","57.90","57.50","58.05","57.50","911.81K","-1.03%"
"03/24/2023","58.50","57.20","58.50","57.20","1.86M","2.27%"
"03/23/2023","57.20","57.80","57.80","57.00","981.51K","0.18%"
"03/22/2023","57.10","58.50","59.00","57.10","1.33M","-2.39%"
"03/21/2023","58.50","57.50","59.15","57.20","4.47M","0.86%"
"03/20/2023","58.00","57.80","58.00","56.05","1.10M","1.05%"
"03/17/2023","57.40","56.50","57.60","56.50","3.97M","2.50%"
"03/16/2023","56.00","56.00","56.40","55.10","3.28M","-1.75%"
"03/15/2023","57.00","57.10","57.90","56.75","2.55M","0.00%"
"03/14/2023","57.00","57.80","57.80","55.10","4.60M","-4.04%"
"03/13/2023","59.40","59.65","59.80","59.05","1.75M","-0.50%"
"03/10/2023","59.70","60.10","60.10","59.50","777.78K","-0.67%"
"03/09/2023","60.10","61.50","61.50","60.10","2.15M","-2.51%"
"03/08/2023","61.65","59.05","61.65","58.85","2.17M","4.49%"
"03/07/2023","59.00","60.05","60.30","59.00","2.28M","-1.58%"
"03/06/2023","59.95","59.50","60.15","59.45","1.83M","1.27%"
"03/03/2023","59.20","59.15","60.00","59.15","2.64M","0.68%"
"03/02/2023","58.80","61.30","61.30","58.60","5.64M","-4.16%"
"03/01/2023","61.35","58.40","61.35","58.30","3.76M","5.41%"
"02/28/2023","58.20","59.50","60.70","58.20","7.23M","-2.84%"
"02/27/2023","59.90","59.20","59.90","59.10","2.87M","1.70%"
"02/24/2023","58.90","60.70","60.70","58.90","5.34M","0.00%"
"02/23/2023","58.90","60.70","60.70","58.90","5.34M","-2.16%"
"02/22/2023","60.20","61.50","61.50","59.85","3.45M","-2.43%"
"02/21/2023","61.70","59.85","61.70","59.80","1.74M","2.92%"
"02/20/2023","59.95","60.50","60.85","59.70","834.22K","-0.08%"
"02/17/2023","60.00","61.40","61.40","60.00","1.26M","-1.64%"
"02/16/2023","61.00","62.50","62.50","60.70","2.74M","-2.40%"
"02/15/2023","62.50","61.95","62.60","61.65","4.65M","0.89%"
"02/14/2023","61.95","61.40","62.00","61.15","6.03M","0.90%"
"02/13/2023","61.40","61.30","61.40","60.20","5.38M","0.08%"
"02/10/2023","61.35","60.00","61.35","59.80","2.59M","1.91%"
"02/09/2023","60.20","59.80","61.45","59.70","5.34M","0.67%"
"02/08/2023","59.80","58.90","60.40","58.55","3.94M","1.87%"
"02/07/2023","58.70","59.00","59.55","58.50","1.56M","-1.34%"
"02/06/2023","59.50","59.60","59.65","58.95","2.55M","-0.50%"
"02/03/2023","59.80","59.60","59.80","59.60","6.50M","0.34%"
"02/02/2023","59.60","59.50","59.80","59.40","2.61M","0.17%"
"02/01/2023","59.50","57.35","59.60","57.35","3.48M","3.93%"
"01/31/2023","57.25","59.20","59.20","57.25","5.02M","-3.46%"
"01/30/2023","59.30","58.60","59.30","58.35","2.28M","0.85%"
"01/27/2023","58.80","58.55","58.95","58.55","2.52M","0.43%"
"01/26/2023","58.55","58.90","59.05","58.55","1.24M","-0.59%"
"01/25/2023","58.90","59.00","59.10","58.75","1.18M","0.00%"
"01/24/2023","58.90","58.70","59.35","58.60","1.90M","0.34%"
"01/23/2023","58.70","58.00","58.80","58.00","1.71M","1.56%"
"01/20/2023","57.80","59.45","59.45","57.80","3.23M","-2.78%"
"01/19/2023","59.45","59.40","59.70","59.10","1.56M","-0.59%"
"01/18/2023","59.80","59.20","59.95","58.05","3.43M","1.01%"
"01/17/2023","59.20","58.55","59.45","57.80","1.99M","1.11%"
"01/16/2023","58.55","58.95","59.60","58.45","4.04M","-0.76%"
"01/13/2023","59.00","57.45","59.00","56.90","4.71M","2.88%"
"01/12/2023","57.35","57.30","57.45","56.90","1.23M","0.09%"
"01/11/2023","57.30","57.00","57.40","56.60","2.14M","0.17%"
"01/10/2023","57.20","57.00","57.25","56.30","1.60M","-0.35%"
"01/09/2023","57.40","57.00","57.50","56.90","3.18M","0.88%"
"01/06/2023","56.90","56.00","57.00","56.00","3.06M","1.16%"
"01/05/2023","56.25","55.30","56.30","55.30","2.07M","2.83%"
"01/04/2023","54.70","55.60","56.95","54.70","1.64M","-1.08%"
"01/03/2023","55.30","54.10","55.85","54.10","955.41K","2.41%"
"12/29/2022","54.00","54.70","54.85","54.00","1.15M","-1.46%"
"12/28/2022","54.80","54.70","55.00","54.30","779.88K","0.37%"
"12/27/2022","54.60","54.80","55.35","54.50","171.40K","-0.64%"
"12/23/2022","54.95","56.30","56.30","54.95","816.68K","-2.40%"
"12/22/2022","56.30","55.80","56.40","55.50","2.11M","0.90%"
"12/21/2022","55.80","54.15","55.80","54.15","2.03M","2.39%"
"12/20/2022","54.50","54.05","54.50","53.95","751.89K","-0.73%"
"12/19/2022","54.90","55.45","55.45","53.80","1.80M","-1.17%"
"12/16/2022","55.55","53.90","55.55","53.75","3.25M","2.87%"
"12/15/2022","54.00","54.70","55.20","54.00","868.79K","-2.00%"
"12/14/2022","55.10","54.10","55.10","53.90","3.25M","2.04%"
"12/13/2022","54.00","55.00","55.50","53.40","4.95M","-1.82%"
"12/12/2022","55.00","55.00","55.55","54.10","2.20M","0.00%"
"12/09/2022","55.00","55.00","55.50","55.00","1.19M","0.00%"
"12/07/2022","55.00","55.60","55.85","54.90","1.96M","-1.08%"
"12/06/2022","55.60","53.80","55.95","53.70","1.94M","3.35%"
"12/05/2022","53.80","54.10","55.35","53.80","2.00M","-0.37%"
"12/02/2022","54.00","56.65","56.65","54.00","3.04M","-4.76%"
"12/01/2022","56.70","57.20","57.30","56.05","1.95M","-1.05%"
"11/29/2022","57.30","56.70","57.30","55.55","7.83M","0.09%"
"11/28/2022","57.25","55.95","57.25","55.20","4.41M","1.96%"
"11/25/2022","56.15","54.30","56.25","54.15","6.88M","3.60%"
"11/24/2022","54.20","53.75","54.45","53.35","4.57M","0.84%"
"11/23/2022","53.75","53.00","53.75","52.80","2.93M","1.42%"
"11/22/2022","53.00","51.80","53.00","51.75","3.43M","2.51%"
"11/21/2022","51.70","51.90","51.90","51.00","1.46M","0.10%"
"11/18/2022","51.65","50.55","52.05","50.55","2.95M","2.89%"
"11/17/2022","50.20","51.00","51.45","50.20","2.05M","-1.57%"
"11/16/2022","51.00","52.00","52.15","50.90","3.86M","-1.92%"
"11/15/2022","52.00","51.05","52.20","50.90","1.18M","1.56%"
"11/14/2022","51.20","52.10","52.20","51.20","2.61M","-1.54%"
"11/11/2022","52.00","53.00","53.00","51.90","2.02M","0.19%"
"11/10/2022","51.90","52.05","52.05","51.60","499.92K","-0.67%"
"11/09/2022","52.25","52.25","52.35","51.50","899.08K","0.48%"
"11/08/2022","52.00","52.20","53.50","51.50","2.12M","-0.38%"
"11/07/2022","52.20","52.00","52.20","51.65","1.20M","0.10%"
"11/04/2022","52.15","52.00","52.15","51.10","927.06K","0.00%"
"11/03/2022","52.15","51.95","52.15","51.05","726.27K","0.00%"
"11/02/2022","52.15","51.60","52.15","51.40","1.80M","0.87%"
"10/28/2022","51.70","51.95","51.95","51.15","785.54K","-0.48%"
"10/27/2022","51.95","51.20","51.95","51.20","1.79M","1.46%"
"10/26/2022","51.20","52.05","52.15","51.20","1.13M","-1.54%"
"10/25/2022","52.00","51.30","52.00","51.20","1.72M","1.36%"
"10/24/2022","51.30","51.10","52.20","51.00","1.29M","0.39%"
"10/21/2022","51.10","51.40","51.40","50.20","1.22M","-0.39%"
"10/20/2022","51.30","51.00","51.85","50.30","3.66M","0.59%"
"10/19/2022","51.00","51.90","51.90","50.15","1.48M","-1.73%"
"10/18/2022","51.90","49.75","51.90","49.50","1.68M","4.85%"
"10/17/2022","49.50","49.75","50.55","48.75","660.37K","-1.10%"
"10/14/2022","50.05","49.70","50.90","49.50","1.40M","1.83%"
"10/13/2022","49.15","48.65","49.35","48.50","1.27M","0.92%"
"10/12/2022","48.70","48.70","49.20","48.50","712.40K","0.41%"
"10/11/2022","48.50","48.80","49.20","48.50","465.00K","0.00%"
"10/10/2022","48.50","49.85","49.85","48.50","730.78K","-3.19%"
"10/07/2022","50.10","51.00","51.00","50.10","187.58K","-1.76%"
"10/06/2022","51.00","51.00","51.60","50.50","2.19M","0.10%"
"10/05/2022","50.95","51.10","51.70","50.25","2.49M","1.09%"
"10/04/2022","50.40","49.00","50.80","48.90","1.14M","4.13%"
"10/03/2022","48.40","47.80","48.45","47.55","431.10K","-0.21%"
"09/30/2022","48.50","48.45","49.00","47.80","1.76M","-0.61%"
"09/29/2022","48.80","48.80","49.45","48.65","2.06M","0.62%"
"09/28/2022","48.50","48.60","49.50","48.25","1.08M","-0.10%"
"09/27/2022","48.55","51.00","51.35","48.55","3.22M","-6.36%"
"09/23/2022","51.85","52.00","52.10","51.60","4.90M","-0.29%"
"09/22/2022","52.00","51.05","52.00","50.20","1.21M","1.86%"
"09/21/2022","51.05","52.50","52.50","51.05","1.18M","-3.50%"
"09/20/2022","52.90","52.90","53.25","52.50","1.00M","0.00%"
"09/19/2022","52.90","53.50","53.50","51.45","2.69M","-1.31%"
"09/16/2022","53.60","52.60","53.60","52.45","2.51M","2.00%"
"09/15/2022","52.55","52.40","53.40","52.40","1.46M","0.38%"
"09/14/2022","52.35","52.50","53.10","52.00","2.91M","-3.06%"
"09/13/2022","54.00","54.00","54.00","53.50","1.79M","0.00%"
"09/12/2022","54.00","53.00","54.95","52.90","3.67M","1.89%"
"09/09/2022","53.00","52.00","53.25","52.00","1.23M","1.15%"
"09/08/2022","52.40","52.50","52.50","51.80","983.56K","1.45%"
"09/07/2022","51.65","53.35","53.40","51.65","1.31M","-3.46%"
"09/06/2022","53.50","52.30","53.85","52.15","3.48M","1.13%"
"09/05/2022","52.90","52.40","53.15","52.35","1.45M","0.95%"
"09/02/2022","52.40","51.80","52.75","51.80","1.36M","1.75%"
"09/01/2022","51.50","53.05","53.65","51.50","1.40M","-2.09%"
"08/31/2022","52.60","53.45","53.45","52.60","3.99M","-1.59%"
"08/30/2022","53.45","52.10","53.45","52.00","1.10M","0.00%"
"08/26/2022","53.45","52.80","53.80","52.80","942.84K","1.42%"
"08/25/2022","52.70","52.50","53.30","52.50","779.80K","1.35%"
"08/24/2022","52.00","51.80","52.90","51.45","813.00K","0.00%"
"08/23/2022","52.00","51.80","52.00","51.10","1.76M","-0.19%"
"08/22/2022","52.10","53.40","53.40","51.80","1.24M","-2.62%"
"08/19/2022","53.50","53.00","53.70","52.80","1.39M","0.94%"
"08/18/2022","53.00","51.80","53.85","51.60","1.91M","1.15%"
"08/17/2022","52.40","53.50","53.50","52.30","1.68M","-2.06%"
"08/16/2022","53.50","51.50","53.90","51.50","3.11M","3.88%"
"08/15/2022","51.50","51.90","52.45","51.25","1.49M","-0.77%"
"08/12/2022","51.90","50.90","54.50","50.80","5.27M","1.96%"
"08/11/2022","50.90","50.25","52.00","50.00","5.07M","1.80%"
"08/10/2022","50.00","49.00","50.20","49.00","2.35M","1.42%"
"08/09/2022","49.30","48.90","49.40","48.45","1.60M","0.82%"
"08/08/2022","48.90","47.80","48.90","47.80","742.10K","2.52%"
"08/05/2022","47.70","49.15","49.60","47.70","2.05M","-2.65%"
"08/04/2022","49.00","49.35","49.50","48.65","983.30K","0.00%"
"08/03/2022","49.00","48.90","49.45","48.10","1.55M","0.20%"
"08/02/2022","48.90","48.00","49.00","47.50","3.19M","2.30%"
"08/01/2022","47.80","48.60","48.60","47.15","1.67M","-1.65%"
"07/29/2022","48.60","48.90","48.90","47.60","1.94M","-0.61%"
"07/28/2022","48.90","47.00","48.90","47.00","2.39M","3.49%"
"07/27/2022","47.25","47.20","47.25","46.55","907.70K","0.21%"
"07/26/2022","47.15","46.55","47.20","46.50","1.10M","1.40%"
"07/25/2022","46.50","46.90","47.00","46.30","799.10K","-0.43%"
"07/22/2022","46.70","46.65","47.15","46.50","1.41M","0.65%"
"07/21/2022","46.40","46.00","47.35","46.00","2.78M","1.64%"
"07/20/2022","45.65","45.80","46.75","45.60","2.98M","-0.11%"
"07/19/2022","45.70","47.00","47.20","44.60","5.27M","-2.56%"
"07/18/2022","46.90","47.10","47.50","46.50","1.70M","-0.64%"
"07/15/2022","47.20","47.75","48.15","46.95","1.81M","-1.05%"
"07/14/2022","47.70","47.90","47.90","47.50","3.53M","0.10%"
"07/13/2022","47.65","49.70","49.70","47.60","3.70M","-4.12%"
"07/12/2022","49.70","49.40","49.70","48.80","1.36M","0.61%"
"07/11/2022","49.40","49.80","50.05","48.95","3.35M","-0.60%"
"07/08/2022","49.70","48.80","50.50","48.80","3.92M","1.95%"
"07/07/2022","48.75","48.70","49.45","48.70","2.28M","0.41%"
"07/06/2022","48.55","49.10","49.85","48.55","1.40M","-1.12%"
"07/05/2022","49.10","48.55","49.20","48.45","863.00K","2.29%"
"07/04/2022","48.00","48.00","48.80","47.80","690.10K","0.42%"
"07/01/2022","47.80","48.00","48.80","47.70","449.80K","0.00%"
"06/30/2022","47.80","49.20","49.20","47.80","1.65M","-2.25%"
"06/29/2022","48.90","49.20","49.35","48.70","866.20K","-0.41%"
"06/28/2022","49.10","49.00","49.80","48.40","1.54M","0.00%"
"06/27/2022","49.10","49.60","49.60","48.65","736.60K","-1.70%"
"06/24/2022","49.95","48.00","49.95","47.50","1.28M","4.61%"
"06/23/2022","47.75","49.95","49.95","47.75","2.12M","-3.54%"
"06/22/2022","49.50","50.35","50.35","48.50","2.09M","-1.69%"
"06/21/2022","50.35","50.95","50.95","49.95","763.94K","-1.08%"
"06/20/2022","50.90","50.50","50.90","50.15","502.89K","0.69%"
"06/17/2022","50.55","49.80","50.60","49.50","3.78M","0.30%"
"06/16/2022","50.40","50.60","50.60","49.85","1.00M","-0.59%"
"06/15/2022","50.70","49.80","50.70","49.50","2.39M","2.22%"
"06/14/2022","49.60","50.00","50.40","49.50","4.74M","-1.10%"
"06/13/2022","50.15","50.70","50.70","50.00","2.50M","-1.38%"
"06/10/2022","50.85","51.65","52.60","50.75","3.63M","-1.83%"
"06/09/2022","51.80","53.80","53.80","51.75","3.50M","-3.72%"
"06/08/2022","53.80","54.00","54.25","53.20","1.99M","-0.37%"
"06/07/2022","54.00","53.00","54.00","52.70","1.66M","1.89%"
"06/06/2022","53.00","53.00","53.30","52.20","587.59K","0.00%"
"06/03/2022","53.00","52.25","53.85","52.25","1.43M","0.00%"
"06/02/2022","53.00","54.00","54.30","52.80","2.56M","-2.39%"
"06/01/2022","54.30","54.90","54.90","53.50","930.86K","-1.27%"
"05/31/2022","55.00","55.00","55.00","53.75","12.07M","-0.18%"
"05/30/2022","55.10","53.85","55.20","53.85","4.33M","2.42%"
"05/27/2022","53.80","52.75","53.80","52.50","1.64M","1.99%"
"05/26/2022","52.75","51.00","52.75","51.00","2.12M","3.43%"
"05/25/2022","51.00","50.40","51.50","50.25","1.32M","1.80%"
"05/24/2022","50.10","52.00","52.20","50.10","2.06M","-4.02%"
"05/23/2022","52.20","52.00","52.20","51.15","2.65M","0.00%"
"05/20/2022","52.20","51.00","52.20","51.00","2.91M","2.55%"
"05/19/2022","50.90","51.95","52.40","50.90","1.64M","-2.58%"
"05/18/2022","52.25","51.50","52.65","50.45","2.47M","1.46%"
"05/17/2022","51.50","50.05","51.50","49.50","2.26M","3.00%"
"05/16/2022","50.00","50.00","50.70","49.50","1.51M","2.04%"
"05/13/2022","49.00","50.90","52.25","49.00","3.80M","-3.54%"
"05/12/2022","50.80","51.80","52.95","50.80","2.72M","-2.21%"
"05/11/2022","51.95","52.00","52.90","51.75","1.77M","-1.80%"
"05/10/2022","52.90","50.50","52.90","50.00","3.19M","0.09%"
"05/06/2022","52.85","52.40","53.80","52.15","2.35M","-0.94%"
"05/05/2022","53.35","52.15","53.35","52.15","1.68M","2.60%"
"05/04/2022","52.00","50.30","52.00","50.30","2.42M","3.90%"
"05/02/2022","50.05","51.80","51.80","49.20","4.63M","-2.05%"
"04/29/2022","51.10","53.00","53.45","51.00","3.53M","-3.13%"
"04/28/2022","52.75","53.00","53.20","52.45","2.40M","-0.47%"
"04/27/2022","53.00","54.10","54.20","53.00","2.47M","-2.03%"
"04/26/2022","54.10","55.35","55.35","54.10","1.96M","-2.52%"
"04/25/2022","55.50","55.30","55.50","54.10","1.52M","0.18%"
"04/22/2022","55.40","55.85","55.85","54.50","867.02K","-1.07%"
"04/21/2022","56.00","55.20","56.20","54.80","1.89M","1.45%"
"04/20/2022","55.20","53.90","55.20","53.90","1.63M","2.99%"
"04/19/2022","53.60","54.25","54.70","53.60","1.74M","-0.92%"
"04/18/2022","54.10","54.95","54.95","54.00","557.71K","-1.64%"
"04/13/2022","55.00","54.00","55.00","54.00","856.52K","2.14%"
"04/12/2022","53.85","55.00","55.00","53.85","1.70M","-2.09%"
"04/11/2022","55.00","55.00","55.20","54.60","468.11K","0.92%"
"04/08/2022","54.50","54.35","55.00","54.25","1.19M","0.83%"
"04/07/2022","54.05","56.60","56.70","54.05","3.22M","-4.93%"
"04/06/2022","56.85","56.50","56.85","55.75","2.46M","-0.18%"
"04/05/2022","56.95","56.90","56.95","56.05","1.03M","0.09%"
"04/04/2022","56.90","55.90","56.90","55.90","1.67M","1.61%"
"04/01/2022","56.00","56.50","56.85","55.75","2.00M","-1.75%"
"03/31/2022","57.00","55.75","57.00","55.70","4.28M","2.43%"
"03/30/2022","55.65","54.60","55.90","54.60","3.85M","2.30%"
"03/29/2022","54.40","54.70","54.80","53.60","1.09M","0.00%"
"03/28/2022","54.40","54.60","54.60","53.50","1.36M","-0.27%"
"03/25/2022","54.55","53.65","54.75","53.15","2.41M","3.02%"
"03/24/2022","52.95","53.85","54.25","52.95","5.77M","-1.85%"
"03/23/2022","53.95","54.00","54.10","53.05","1.80M","-0.46%"
"03/22/2022","54.20","52.30","54.20","52.30","2.37M","4.03%"
"03/21/2022","52.10","53.55","53.55","52.10","3.72M","-1.33%"
"03/18/2022","52.80","53.85","54.50","52.55","3.95M","-2.58%"
"03/17/2022","54.20","53.25","54.55","53.05","6.01M","3.73%"
"03/16/2022","52.25","53.00","53.25","52.05","5.68M","-1.42%"
"03/15/2022","53.00","52.15","53.25","50.55","5.17M","1.92%"
"03/14/2022","52.00","54.00","54.00","51.65","4.01M","-6.31%"
"03/11/2022","55.50","55.20","55.70","55.20","3.62M","0.82%"
"03/10/2022","55.05","54.60","55.60","54.60","5.33M","2.42%"
"03/09/2022","53.75","52.50","54.35","52.50","6.14M","2.38%"
"03/08/2022","52.50","55.20","55.20","52.50","10.41M","-5.06%"
"03/07/2022","55.30","58.00","58.00","55.30","8.37M","-4.90%"
"03/04/2022","58.15","57.90","58.60","57.45","2.68M","1.13%"
"03/03/2022","57.50","57.10","58.15","57.10","2.11M","0.70%"
"03/02/2022","57.10","58.50","58.50","57.10","4.08M","-1.55%"
"03/01/2022","58.00","58.20","59.15","57.80","5.30M","1.58%"
"02/28/2022","57.10","59.05","59.55","57.10","7.08M","-4.03%"
"02/24/2022","59.50","60.50","60.85","58.70","11.34M","-0.58%"
"02/23/2022","59.85","60.20","60.50","59.40","5.14M","-1.48%"
"02/22/2022","60.75","60.00","60.75","59.40","1.43M","1.25%"
"02/21/2022","60.00","60.30","60.60","59.70","2.08M","-0.50%"
"02/18/2022","60.30","60.20","60.60","59.65","3.29M","0.17%"
"02/17/2022","60.20","59.55","60.65","59.55","2.16M","0.84%"
"02/16/2022","59.70","59.00","60.00","59.00","2.36M","1.53%"
"02/15/2022","58.80","59.60","59.75","58.10","3.76M","-1.18%"
"02/14/2022","59.50","59.20","60.20","58.85","1.82M","0.85%"
"02/11/2022","59.00","59.80","60.00","58.30","4.31M","-1.34%"
"02/10/2022","59.80","59.70","60.90","59.70","2.97M","0.17%"
"02/09/2022","59.70","59.85","61.00","59.60","4.29M","-0.33%"
"02/08/2022","59.90","59.60","60.90","59.60","2.88M","1.01%"
"02/07/2022","59.30","59.60","63.50","59.30","12.24M","-0.25%"
"02/04/2022","59.45","59.45","59.85","59.45","1.61M","0.08%"
"02/03/2022","59.40","59.75","59.90","59.35","2.49M","-0.25%"
"02/02/2022","59.55","59.00","59.85","58.95","3.51M","1.10%"
"01/31/2022","58.90","57.80","59.25","57.80","4.87M","2.35%"
"01/28/2022","57.55","57.95","58.00","57.05","3.82M","-0.78%"
"01/27/2022","58.00","56.00","58.30","56.00","3.57M","3.57%"
"01/26/2022","56.00","56.25","56.25","55.70","2.80M","-0.44%"
"01/25/2022","56.25","57.00","57.30","56.25","2.93M","-1.32%"
"01/24/2022","57.00","57.30","57.35","56.90","2.56M","-0.52%"
"01/21/2022","57.30","58.15","58.15","57.05","5.86M","-1.55%"
"01/20/2022","58.20","58.00","58.50","57.15","1.52M","0.34%"
"01/19/2022","58.00","58.00","58.50","57.25","2.50M","-1.53%"
"01/18/2022","58.90","57.60","58.90","57.60","994.29K","2.43%"
"01/17/2022","57.50","57.80","58.40","57.50","2.33M","-0.52%"
"01/14/2022","57.80","59.00","59.00","57.30","6.79M","-2.36%"
"01/13/2022","59.20","57.70","59.20","57.65","6.48M","2.60%"
"01/12/2022","57.70","55.80","57.70","55.80","5.72M","3.41%"
"01/11/2022","55.80","55.00","56.50","55.00","5.76M","1.09%"
"01/10/2022","55.20","53.10","55.20","52.40","5.40M","3.18%"
"01/07/2022","53.50","53.25","53.50","52.80","2.05M","0.00%"
"01/06/2022","53.50","53.85","53.85","52.90","1.92M","-0.93%"
"01/05/2022","54.00","53.50","54.50","52.70","6.33M","0.00%"
"01/03/2022","54.00","54.00","54.80","52.90","6.67M","-3.05%"
"12/31/2021","55.70","55.80","56.15","54.10","4.65M","-2.28%"
"12/29/2021","57.00","55.00","57.10","54.85","11.13M","3.64%"
"12/28/2021","55.00","54.60","55.00","54.60","4.03M","0.00%"
"12/27/2021","55.00","54.60","55.00","53.65","1.03M","0.73%"
"12/24/2021","54.60","54.90","54.90","54.30","972.33K","-0.73%"
"12/23/2021","55.00","53.00","55.30","52.95","9.86M","3.58%"
"12/22/2021","53.10","53.00","53.10","52.20","2.78M","0.28%"
"12/21/2021","52.95","52.90","53.20","52.50","7.78M","0.09%"
"12/20/2021","52.90","53.00","53.15","52.05","3.12M","-0.19%"
"12/17/2021","53.00","52.20","53.00","51.80","4.49M","0.76%"
"12/16/2021","52.60","50.15","52.70","50.15","7.79M","4.99%"
"12/15/2021","50.10","51.80","51.80","50.05","4.35M","-3.93%"
"12/14/2021","52.15","51.05","52.95","50.50","7.80M","2.46%"
"12/13/2021","50.90","51.50","51.50","50.75","1.15M","-1.17%"
"12/10/2021","51.50","51.95","51.95","50.75","2.50M","-0.96%"
"12/09/2021","52.00","50.55","52.40","49.80","9.71M","2.87%"
"12/07/2021","50.55","50.45","51.00","50.30","1.71M","-0.88%"
"12/06/2021","51.00","49.45","51.00","49.00","3.36M","3.03%"
"12/03/2021","49.50","48.90","49.80","48.90","2.23M","1.54%"
"12/02/2021","48.75","49.05","50.30","48.60","5.10M","-2.01%"
"12/01/2021","49.75","49.80","50.85","49.00","6.63M","-0.30%"
"11/29/2021","49.90","48.00","49.90","47.00","7.47M","0.00%"
"11/26/2021","49.90","50.55","50.80","49.85","4.29M","-1.19%"
"11/25/2021","50.50","51.50","51.50","50.50","2.75M","-2.04%"
"11/24/2021","51.55","52.00","53.00","51.55","3.16M","-0.87%"
"11/23/2021","52.00","50.90","52.00","50.15","2.70M","2.16%"
"11/22/2021","50.90","50.10","51.50","50.00","1.52M","1.60%"
"11/19/2021","50.10","50.80","51.00","49.20","4.70M","-1.38%"
"11/18/2021","50.80","51.50","51.70","50.80","1.28M","-1.74%"
"11/17/2021","51.70","50.70","51.95","50.70","2.85M","2.07%"
"11/16/2021","50.65","51.00","51.50","50.35","2.21M","-0.69%"
"11/15/2021","51.00","51.30","51.75","50.90","1.05M","-0.20%"
"11/12/2021","51.10","51.60","52.10","51.00","3.53M","-0.97%"
"11/11/2021","51.60","52.10","52.20","51.50","4.03M","-1.34%"
"11/10/2021","52.30","52.20","53.70","52.10","4.89M","0.38%"
"11/09/2021","52.10","50.50","52.15","50.45","9.61M","3.58%"
"11/08/2021","50.30","49.30","51.00","49.30","5.22M","2.24%"
"11/05/2021","49.20","49.85","49.90","49.20","3.26M","-1.30%"
"11/04/2021","49.85","50.00","50.00","49.70","2.28M","0.10%"
"11/03/2021","49.80","49.50","50.15","49.25","4.26M","1.63%"
"11/02/2021","49.00","48.15","50.25","47.65","5.62M","2.73%"
"10/29/2021","47.70","48.15","48.80","47.65","2.09M","-0.83%"
"10/28/2021","48.10","48.70","49.20","48.00","1.81M","-1.33%"
"10/27/2021","48.75","49.25","49.90","48.75","2.20M","-1.52%"
"10/26/2021","49.50","49.00","49.50","48.95","1.33M","1.02%"
"10/25/2021","49.00","49.30","49.70","48.90","1.07M","-0.61%"
"10/22/2021","49.30","49.70","49.70","49.10","1.03M","-1.00%"
"10/21/2021","49.80","49.90","50.00","49.50","1.59M","-0.20%"
"10/20/2021","49.90","49.00","49.90","49.00","2.28M","1.84%"
"10/19/2021","49.00","49.75","50.00","48.75","2.57M","-1.61%"
"10/18/2021","49.80","50.20","50.20","48.70","4.14M","-0.99%"
"10/15/2021","50.30","50.20","50.40","50.15","3.58M","0.20%"
"10/14/2021","50.20","49.75","50.25","49.65","7.65M","1.01%"
"10/13/2021","49.70","49.65","49.80","48.70","4.22M","0.20%"
"10/12/2021","49.60","49.10","50.00","48.70","8.00M","1.02%"
"10/11/2021","49.10","46.60","49.25","46.50","7.28M","5.59%"
"10/08/2021","46.50","45.75","47.20","45.75","5.20M","2.09%"
"10/07/2021","45.55","45.10","45.70","45.10","5.01M","1.22%"
"10/06/2021","45.00","44.60","45.80","44.60","3.29M","1.12%"
"10/05/2021","44.50","44.50","44.90","44.45","1.35M","-0.89%"
"10/04/2021","44.90","44.05","44.95","44.05","2.03M","2.05%"
"10/01/2021","44.00","44.25","44.30","43.95","1.11M","0.69%"
"09/30/2021","43.70","44.00","44.65","43.55","3.68M","-0.57%"
"09/29/2021","43.95","44.00","44.40","43.25","2.64M","0.11%"
"09/28/2021","43.90","44.60","45.00","43.90","5.02M","-1.35%"
"09/27/2021","44.50","45.00","45.40","44.40","3.13M","-0.89%"
"09/24/2021","44.90","44.55","45.05","44.55","1.25M","1.35%"
"09/23/2021","44.30","44.60","45.00","44.30","3.80M","-0.45%"
"09/22/2021","44.50","45.00","45.40","44.50","2.37M","-1.11%"
"09/21/2021","45.00","44.65","45.15","44.35","1.62M","0.45%"
"09/20/2021","44.80","45.15","45.50","44.60","1.79M","-0.67%"
"09/17/2021","45.10","44.85","45.70","44.80","3.10M","0.56%"
"09/16/2021","44.85","44.80","45.10","44.75","2.27M","1.01%"
"09/15/2021","44.40","45.00","45.40","44.30","3.47M","-1.33%"
"09/14/2021","45.00","45.40","45.80","45.00","2.20M","-0.88%"
"09/13/2021","45.40","45.40","45.55","45.25","1.81M","0.00%"
"09/10/2021","45.40","45.50","45.60","45.20","1.39M","-0.11%"
"09/09/2021","45.45","45.50","45.65","45.35","2.14M","-0.11%"
"09/08/2021","45.50","45.10","45.50","45.10","1.69M","1.11%"
"09/07/2021","45.00","45.00","45.50","45.00","1.79M","0.22%"
"09/06/2021","44.90","45.00","45.10","44.70","2.13M","0.90%"
"09/03/2021","44.50","45.05","45.50","44.50","5.33M","-1.11%"
"09/02/2021","45.00","45.50","45.85","45.00","4.21M","-0.55%"
"09/01/2021","45.25","45.55","45.75","45.25","3.30M","0.11%"
"08/31/2021","45.20","46.00","46.20","45.20","6.18M","-1.63%"
"08/27/2021","45.95","46.00","46.35","45.90","905.00K","-0.11%"
"08/26/2021","46.00","46.40","47.00","45.95","2.51M","-0.86%"
"08/25/2021","46.40","46.40","46.45","45.85","1.93M","0.00%"
"08/24/2021","46.40","46.30","46.50","45.90","1.58M","-0.22%"
"08/23/2021","46.50","45.90","46.70","45.70","1.16M","2.20%"
"08/20/2021","45.50","46.45","46.75","45.50","1.03M","-1.52%"
"08/19/2021","46.20","46.20","46.35","46.00","1.39M","0.00%"
"08/18/2021","46.20","45.15","46.20","45.15","1.57M","1.99%"
"08/17/2021","45.30","45.60","46.10","45.30","1.83M","-0.44%"
"08/16/2021","45.50","45.50","45.70","45.20","1.42M","1.11%"
"08/13/2021","45.00","46.45","46.45","45.00","1.27M","-2.39%"
"08/12/2021","46.10","46.70","46.80","46.10","838.20K","-1.28%"
"08/11/2021","46.70","46.85","46.90","46.45","1.13M","-0.43%"
"08/10/2021","46.90","46.70","46.95","46.70","1.14M","-0.11%"
"08/09/2021","46.95","46.70","46.95","46.05","1.30M","0.54%"
"08/06/2021","46.70","45.95","46.70","45.80","2.03M","1.97%"
"08/05/2021","45.80","45.95","46.00","45.50","772.20K","-0.33%"
"08/04/2021","45.95","45.25","46.25","45.25","2.18M","1.66%"
"08/03/2021","45.20","44.10","45.20","43.70","2.02M","2.49%"
"08/02/2021","44.10","43.00","44.10","43.00","1.21M","2.56%"
"07/30/2021","43.00","44.60","45.00","43.00","2.55M","-3.48%"
"07/29/2021","44.55","44.90","45.10","44.40","984.40K","-1.22%"
"07/28/2021","45.10","45.15","45.15","44.30","1.44M","0.22%"
"07/27/2021","45.00","44.05","45.10","44.05","944.80K","2.16%"
"07/26/2021","44.05","44.50","44.85","44.00","2.04M","-1.01%"
"07/23/2021","44.50","44.65","45.00","44.15","2.49M","-0.22%"
"07/22/2021","44.60","44.50","45.20","44.50","3.76M","1.13%"
"07/21/2021","44.10","46.00","46.00","44.05","8.13M","-4.34%"
"07/19/2021","46.10","47.50","47.75","45.05","5.30M","-3.56%"
"07/16/2021","47.80","48.40","48.50","47.45","1.95M","-1.24%"
"07/15/2021","48.40","48.90","48.90","48.25","469.40K","-1.22%"
"07/14/2021","49.00","48.70","49.00","48.10","1.52M","1.87%"
"07/13/2021","48.10","48.80","49.00","48.10","1.63M","-1.43%"
"07/12/2021","48.80","47.70","48.80","47.60","825.90K","2.85%"
"07/09/2021","47.45","48.50","48.50","47.30","3.52M","-2.97%"
"07/08/2021","48.90","48.70","49.00","48.35","1.47M","1.14%"
"07/07/2021","48.35","49.00","49.30","48.35","2.13M","-1.33%"
"07/06/2021","49.00","49.90","50.50","49.00","1.62M","-1.01%"
"07/05/2021","49.50","48.90","49.70","48.90","1.61M","1.43%"
"07/02/2021","48.80","49.00","49.10","48.75","1.06M","0.21%"
"07/01/2021","48.70","48.70","49.30","48.70","1.16M","0.00%"
"06/30/2021","48.70","49.20","49.50","48.70","1.54M","-0.61%"
"06/29/2021","49.00","49.00","49.20","48.90","1.05M","0.20%"
"06/28/2021","48.90","49.25","49.30","48.65","1.50M","-0.41%"
"06/25/2021","49.10","48.35","49.10","48.35","1.01M","1.55%"
"06/24/2021","48.35","48.95","49.15","48.35","1.27M","-1.23%"
"06/23/2021","48.95","48.60","49.25","48.55","668.60K","0.93%"
"06/22/2021","48.50","48.50","49.40","48.50","2.29M","0.00%"
"06/21/2021","48.50","47.95","48.50","47.55","1.36M","-0.82%"
"06/18/2021","48.90","49.25","49.40","47.55","7.44M","-1.11%"
"06/17/2021","49.45","50.00","50.10","49.45","3.73M","-1.30%"
"06/16/2021","50.10","49.50","50.35","49.30","3.09M","1.21%"
"06/15/2021","49.50","49.30","49.75","49.15","4.58M","0.51%"
"06/14/2021","49.25","49.85","49.85","49.05","1.52M","-1.20%"
"06/11/2021","49.85","49.20","49.85","49.20","1.20M","1.53%"
"06/10/2021","49.10","49.40","49.75","49.00","7.32M","0.00%"
"06/09/2021","49.10","48.85","49.90","48.65","2.64M","0.51%"
"06/08/2021","48.85","48.85","48.95","48.20","2.29M","0.00%"
"06/07/2021","48.85","49.10","49.10","48.60","1.21M","-0.51%"
"06/04/2021","49.10","48.80","49.30","48.75","1.24M","0.20%"
"06/03/2021","49.00","48.60","49.00","48.60","2.35M","0.93%"
"06/02/2021","48.55","48.45","48.90","48.30","4.21M","0.10%"
"06/01/2021","48.50","47.90","48.50","47.50","1.33M","1.04%"
"05/31/2021","48.00","48.90","48.90","47.80","2.01M","-1.84%"
"05/28/2021","48.90","48.60","48.90","48.15","4.01M","0.62%"
"05/27/2021","48.60","47.10","48.60","47.00","13.69M","3.51%"
"05/26/2021","46.95","45.50","46.95","45.10","3.17M","3.19%"
"05/25/2021","45.50","45.30","45.50","44.55","1.47M","0.44%"
"05/24/2021","45.30","44.90","45.85","44.20","3.18M","0.89%"
"05/21/2021","44.90","45.00","45.15","44.20","2.69M","-0.66%"
"05/20/2021","45.20","45.00","45.20","44.30","2.95M","0.44%"
"05/19/2021","45.00","45.65","45.65","45.00","2.52M","-2.07%"
"05/18/2021","45.95","45.35","45.95","45.15","4.51M","0.99%"
"05/17/2021","45.50","44.55","45.50","44.10","2.67M","2.25%"
"05/14/2021","44.50","44.10","44.50","43.50","3.76M","1.37%"
"05/12/2021","43.90","43.80","44.00","43.55","1.80M","0.69%"
"05/11/2021","43.60","44.10","44.60","43.60","3.04M","-0.91%"
"05/10/2021","44.00","43.75","45.00","43.75","2.89M","1.03%"
"05/07/2021","43.55","44.50","44.50","43.55","2.79M","-2.13%"
"05/06/2021","44.50","44.75","44.75","43.75","4.20M","-0.56%"
"05/05/2021","44.75","45.00","45.00","44.50","1.41M","-0.67%"
"05/04/2021","45.05","45.00","45.05","44.50","3.32M","0.11%"
"05/03/2021","45.00","44.95","45.20","44.55","2.45M","2.27%"
"04/30/2021","44.00","45.00","45.05","44.00","1.77M","-2.33%"
"04/29/2021","45.05","45.00","45.05","44.75","911.00K","0.11%"
"04/28/2021","45.00","44.50","45.00","44.50","1.34M","1.12%"
"04/27/2021","44.50","44.90","45.00","44.50","1.18M","-1.00%"
"04/26/2021","44.95","44.50","44.95","44.35","1.25M","1.12%"
"04/23/2021","44.45","45.40","45.40","44.35","1.59M","-2.41%"
"04/22/2021","45.55","45.00","45.55","44.35","2.54M","1.22%"
"04/21/2021","45.00","45.10","45.30","44.30","2.25M","0.00%"
"04/20/2021","45.00","44.95","45.15","44.85","2.31M","0.22%"
"04/19/2021","44.90","44.80","45.00","44.65","1.14M","0.45%"
"04/16/2021","44.70","44.40","44.80","44.35","3.12M","0.79%"
"04/15/2021","44.35","44.40","44.80","43.95","2.10M","0.11%"
"04/14/2021","44.30","44.00","44.80","43.80","2.77M","1.37%"
"04/13/2021","43.70","44.75","44.80","43.70","4.85M","-2.24%"
"04/12/2021","44.70","44.75","45.00","44.50","2.95M","-0.11%"
"04/08/2021","44.75","44.80","45.15","44.70","3.90M","0.00%"
"04/07/2021","44.75","44.70","45.00","44.60","2.25M","0.11%"
"04/06/2021","44.70","45.00","45.25","44.70","2.19M","-0.11%"
"04/05/2021","44.75","44.50","45.10","44.50","2.05M","0.79%"
"03/31/2021","44.40","45.30","46.05","44.40","6.59M","-1.44%"
"03/30/2021","45.05","46.05","46.35","45.05","3.58M","-3.33%"
"03/29/2021","46.60","45.50","46.80","44.55","2.60M","1.30%"
"03/26/2021","46.00","46.50","46.75","46.00","4.68M","-1.60%"
"03/25/2021","46.75","46.50","46.95","46.50","2.64M","0.54%"
"03/24/2021","46.50","46.20","46.80","45.50","2.35M","0.65%"
"03/23/2021","46.20","45.65","46.70","45.65","3.65M","1.43%"
"03/22/2021","45.55","45.50","47.00","45.00","5.95M","-0.98%"
"03/19/2021","46.00","47.60","47.90","46.00","6.48M","-3.36%"
"03/18/2021","47.60","46.20","47.85","46.20","3.74M","3.48%"
"03/17/2021","46.00","45.75","47.85","45.70","8.81M","1.10%"
"03/16/2021","45.50","45.45","45.95","45.10","4.80M","0.11%"
"03/15/2021","45.45","47.20","47.20","45.15","6.21M","-4.42%"
"03/12/2021","47.55","47.85","47.85","47.15","2.57M","-0.94%"
"03/11/2021","48.00","47.50","48.00","47.00","1.57M","1.05%"
"03/10/2021","47.50","48.00","48.00","46.90","5.56M","-1.04%"
"03/09/2021","48.00","48.50","48.55","47.85","5.08M","-1.44%"
"03/08/2021","48.70","48.60","49.20","48.25","8.39M","-0.31%"
"03/05/2021","48.85","47.95","49.00","47.65","5.75M","1.77%"
"03/04/2021","48.00","48.35","48.75","47.70","5.88M","-0.72%"
"03/03/2021","48.35","48.30","48.50","47.50","2.91M","0.52%"
"03/02/2021","48.10","48.05","49.00","48.00","7.58M","-1.03%"
"03/01/2021","48.60","48.51","48.98","47.85","9.05M","-4.14%"
"02/26/2021","50.70","50.65","51.40","50.60","7.94M","0.90%"
"02/24/2021","50.25","50.50","51.20","50.25","7.52M","0.10%"
"02/23/2021","50.20","51.00","51.00","50.20","5.97M","-1.28%"
"02/22/2021","50.85","50.30","51.85","50.30","4.38M","1.50%"
"02/19/2021","50.10","50.50","51.00","49.60","7.31M","-1.76%"
"02/18/2021","51.00","51.25","52.20","51.00","18.25M","5.81%"
"02/17/2021","48.20","48.90","48.90","47.80","3.64M","-1.83%"
"02/16/2021","49.10","49.00","49.50","48.55","1.36M","0.20%"
"02/15/2021","49.00","49.00","49.00","48.10","1.07M","0.62%"
"02/11/2021","48.70","49.00","49.00","48.20","2.83M","-0.71%"
"02/10/2021","49.05","49.90","49.90","48.90","3.02M","-1.11%"
"02/09/2021","49.60","49.80","50.20","49.60","7.19M","0.30%"
"02/08/2021","49.45","47.50","49.50","47.20","20.14M","4.21%"
"02/05/2021","47.45","46.75","47.45","46.65","4.74M","1.50%"
"02/04/2021","46.75","47.00","47.45","46.50","2.89M","1.19%"
"02/03/2021","46.20","46.65","47.20","46.10","3.60M","-0.96%"
"02/02/2021","46.65","46.90","47.00","46.15","3.25M","-0.53%"
"02/01/2021","46.90","45.00","47.00","45.00","3.24M","4.22%"
"01/29/2021","45.00","45.90","45.90","45.00","10.42M","-2.17%"
"01/28/2021","46.00","45.00","46.50","44.90","4.57M","0.77%"
"01/27/2021","45.65","46.50","46.50","45.00","5.03M","-2.77%"
"01/26/2021","46.95","48.20","48.20","46.70","2.17M","-2.59%"
"01/25/2021","48.20","46.50","48.20","46.40","3.41M","3.43%"
"01/22/2021","46.60","47.50","47.55","46.60","3.12M","-1.89%"
"01/21/2021","47.50","47.90","47.90","47.10","1.64M","1.06%"
"01/20/2021","47.00","48.05","48.20","46.40","3.73M","-2.08%"
"01/19/2021","48.00","48.50","48.60","48.00","1.67M","-1.03%"
"01/18/2021","48.50","49.05","49.10","48.00","2.66M","-1.12%"
"01/15/2021","49.05","49.50","49.70","48.90","1.47M","-0.91%"
"01/14/2021","49.50","48.50","49.95","48.00","3.76M","1.02%"
"01/13/2021","49.00","48.00","49.00","48.00","2.88M","3.16%"
"01/12/2021","47.50","49.80","49.80","47.50","2.43M","-5.00%"
"01/11/2021","50.00","49.50","50.00","48.50","3.37M","1.01%"
"01/08/2021","49.50","47.70","49.50","47.70","6.52M","4.32%"
"01/07/2021","47.45","45.00","47.50","45.00","7.48M","6.63%"
"01/06/2021","44.50","46.50","46.50","44.50","6.33M","-4.40%"
"01/05/2021","46.55","47.95","47.95","46.25","5.47M","-2.92%"
"01/04/2021","47.95","49.00","49.05","47.60","5.11M","-2.24%"
"12/29/2020","49.05","49.25","49.45","49.05","2.71M","-0.71%"
"12/28/2020","49.40","49.95","50.00","49.30","3.79M","-2.76%"
"12/23/2020","50.80","50.00","50.80","49.60","5.11M","-0.39%"
"12/22/2020","51.00","49.60","51.00","48.80","9.67M","1.29%"
"12/21/2020","50.35","49.50","50.50","48.40","4.32M","1.51%"
"12/18/2020","49.60","49.80","49.85","48.50","8.60M","-0.40%"
"12/17/2020","49.80","50.00","50.20","49.65","7.16M","-0.40%"
"12/16/2020","50.00","49.80","50.50","49.80","6.43M","0.40%"
"12/15/2020","49.80","51.00","51.00","49.50","15.16M","-2.35%"
"12/14/2020","51.00","51.50","51.70","50.75","10.31M","-0.87%"
"12/11/2020","51.45","50.85","51.80","50.65","17.06M","2.08%"
"12/10/2020","50.40","51.00","51.15","50.15","11.53M","-1.18%"
"12/09/2020","51.00","51.75","52.10","51.00","15.34M","-1.45%"
"12/07/2020","51.75","51.00","51.75","50.30","10.18M","1.47%"
"12/04/2020","51.00","50.90","51.75","50.70","6.24M","0.20%"
"12/03/2020","50.90","49.50","51.30","49.40","14.23M","3.46%"
"12/02/2020","49.20","48.00","49.20","47.85","13.31M","2.93%"
"12/01/2020","47.80","47.00","48.10","46.70","6.50M","-0.31%"
"11/27/2020","47.95","46.70","47.95","46.00","11.92M","2.57%"
"11/26/2020","46.75","48.00","48.05","46.55","9.72M","-2.71%"
"11/25/2020","48.05","49.00","49.10","47.65","6.61M","-0.93%"
"11/24/2020","48.50","49.75","49.80","47.30","8.48M","-1.82%"
"11/23/2020","49.40","47.70","49.80","47.60","10.33M","4.00%"
"11/20/2020","47.50","45.70","47.50","45.70","7.78M","4.05%"
"11/19/2020","45.65","45.60","46.30","45.05","7.16M","0.33%"
"11/18/2020","45.50","44.60","45.50","44.50","5.16M","2.02%"
"11/17/2020","44.60","44.50","44.60","44.20","5.57M","0.56%"
"11/16/2020","44.35","44.90","44.90","44.30","2.26M","-0.34%"
"11/13/2020","44.50","45.00","45.10","44.00","4.72M","-1.11%"
"11/11/2020","45.00","43.30","45.00","43.20","17.00M","4.29%"
"11/10/2020","43.15","43.10","43.90","42.60","7.17M","2.98%"
"11/09/2020","41.90","41.50","42.20","41.50","3.21M","0.36%"
"11/06/2020","41.75","42.75","42.75","40.90","6.06M","-2.45%"
"11/05/2020","42.80","42.85","43.50","42.50","7.45M","0.12%"
"11/04/2020","42.75","41.40","42.75","41.20","3.39M","5.04%"
"11/03/2020","40.70","40.75","41.70","39.50","2.22M","-0.12%"
"10/30/2020","40.75","41.55","41.55","40.10","6.29M","-2.28%"
"10/29/2020","41.70","42.90","42.95","41.70","3.65M","-3.02%"
"10/28/2020","43.00","42.00","43.00","41.55","2.80M","2.38%"
"10/27/2020","42.00","42.50","42.50","41.60","1.74M","-1.18%"
"10/26/2020","42.50","42.25","42.85","42.20","1.95M","0.71%"
"10/23/2020","42.20","41.75","42.50","41.70","1.94M","1.08%"
"10/22/2020","41.75","42.15","42.35","41.50","8.09M","-0.95%"
"10/21/2020","42.15","41.60","42.50","41.50","4.33M","2.06%"
"10/20/2020","41.30","40.85","41.75","40.70","2.64M","1.10%"
"10/19/2020","40.85","40.90","40.95","40.55","2.30M","-0.12%"
"10/16/2020","40.90","41.80","41.95","40.50","4.74M","-2.15%"
"10/15/2020","41.80","40.90","42.25","40.60","9.26M","2.20%"
"10/14/2020","40.90","40.10","40.90","39.95","4.92M","2.12%"
"10/13/2020","40.05","40.05","40.10","39.80","3.57M","0.12%"
"10/12/2020","40.00","39.90","40.00","39.30","2.83M","0.25%"
"10/09/2020","39.90","39.30","39.90","39.00","4.92M","1.14%"
"10/08/2020","39.45","38.55","39.45","37.75","2.97M","2.20%"
"10/07/2020","38.60","38.95","39.00","37.75","3.48M","-1.03%"
"10/06/2020","39.00","39.05","39.20","38.60","3.58M","-0.26%"
"10/05/2020","39.10","39.05","39.45","38.00","5.61M","0.26%"
"10/02/2020","39.00","38.85","39.00","38.45","2.32M","0.26%"
"10/01/2020","38.90","38.35","39.00","38.05","6.93M","1.83%"
"09/30/2020","38.20","38.45","38.95","38.10","4.83M","-1.42%"
"09/29/2020","38.75","38.30","38.75","37.60","7.62M","1.31%"
"09/28/2020","38.25","37.60","38.40","37.60","4.59M","1.73%"
"09/25/2020","37.60","36.50","37.65","36.30","6.27M","3.01%"
"09/24/2020","36.50","36.10","36.65","35.90","4.13M","1.11%"
"09/23/2020","36.10","35.85","36.20","35.75","3.19M","0.70%"
"09/22/2020","35.85","36.00","36.00","35.50","2.16M","-0.83%"
"09/21/2020","36.15","36.40","36.50","35.95","2.90M","-0.96%"
"09/18/2020","36.50","35.60","36.50","35.50","5.24M","2.82%"
"09/17/2020","35.50","35.50","35.70","35.10","2.95M","-0.70%"
"09/16/2020","35.75","35.75","35.85","35.40","2.65M","-0.28%"
"09/15/2020","35.85","35.10","35.85","34.70","2.74M","2.72%"
"09/14/2020","34.90","35.00","35.20","34.30","2.32M","1.01%"
"09/11/2020","34.55","34.85","35.35","34.50","3.23M","0.14%"
"09/10/2020","34.50","34.50","34.90","34.15","1.93M","-0.14%"
"09/09/2020","34.55","35.50","35.65","34.50","2.66M","-2.68%"
"09/08/2020","35.50","35.00","35.60","34.75","2.91M","2.16%"
"09/07/2020","34.75","34.00","34.75","33.95","1.49M","2.36%"
"09/04/2020","33.95","33.80","33.95","33.35","1.62M","1.34%"
"09/03/2020","33.50","33.50","33.85","33.20","2.07M","1.21%"
"09/02/2020","33.10","33.50","33.70","33.05","5.56M","-1.19%"
"09/01/2020","33.50","33.80","34.00","33.50","9.75M","0.00%"
"08/28/2020","33.50","34.50","35.05","33.50","7.61M","-2.62%"
"08/27/2020","34.40","34.00","34.50","34.00","3.67M","1.62%"
"08/26/2020","33.85","33.95","34.10","33.80","2.77M","-0.15%"
"08/25/2020","33.90","34.05","34.15","33.80","2.87M","-0.44%"
"08/24/2020","34.05","34.70","34.90","34.05","4.58M","-1.87%"
"08/20/2020","34.70","36.00","36.20","34.70","2.71M","-3.61%"
"08/19/2020","36.00","36.20","36.25","35.85","2.86M","-0.28%"
"08/18/2020","36.10","35.70","36.10","35.40","2.63M","1.55%"
"08/17/2020","35.55","35.95","35.95","35.20","1.50M","-1.11%"
"08/14/2020","35.95","36.20","36.35","35.90","3.57M","-0.42%"
"08/13/2020","36.10","35.50","36.15","35.25","2.55M","2.70%"
"08/12/2020","35.15","35.50","35.60","34.90","2.19M","0.00%"
"08/11/2020","35.15","34.85","35.35","34.75","1.40M","1.15%"
"08/10/2020","34.75","35.10","35.10","34.50","1.35M","-0.14%"
"08/07/2020","34.80","35.30","35.60","34.05","3.24M","-1.42%"
"08/06/2020","35.30","35.40","35.65","35.00","2.45M","1.15%"
"08/05/2020","34.90","33.80","35.30","33.80","4.89M","4.18%"
"08/04/2020","33.50","33.50","34.00","33.50","3.16M","0.00%"
"08/03/2020","33.50","33.60","33.85","33.40","5.23M","-2.19%"
"07/30/2020","34.25","34.50","34.60","34.20","2.65M","-0.72%"
"07/29/2020","34.50","34.40","35.00","34.40","1.21M","0.58%"
"07/28/2020","34.30","34.40","34.95","33.70","3.30M","0.00%"
"07/27/2020","34.30","36.00","36.05","33.20","6.66M","-4.85%"
"07/24/2020","36.05","36.00","36.05","35.55","766.40K","0.00%"
"07/23/2020","36.05","35.70","36.05","35.30","2.51M","1.55%"
"07/22/2020","35.50","36.00","36.00","35.50","4.31M","-1.39%"
"07/21/2020","36.00","36.10","36.30","35.55","3.37M","-1.37%"
"07/20/2020","36.50","36.70","37.25","36.05","2.35M","-0.54%"
"07/17/2020","36.70","36.45","36.75","36.00","1.04M","0.00%"
"07/16/2020","36.70","36.00","37.00","36.00","2.88M","2.23%"
"07/15/2020","35.90","36.00","36.30","35.85","4.98M","-0.28%"
"07/14/2020","36.00","35.95","36.40","35.85","3.68M","0.00%"
"07/13/2020","36.00","36.50","36.90","36.00","5.63M","-1.37%"
"07/10/2020","36.50","36.85","36.90","36.50","4.69M","-1.08%"
"07/09/2020","36.90","37.15","37.90","36.90","1.90M","-0.54%"
"07/08/2020","37.10","38.20","38.20","37.10","3.98M","-2.37%"
"07/07/2020","38.00","38.20","38.60","37.60","2.38M","0.26%"
"07/06/2020","37.90","38.95","39.00","37.70","2.39M","-2.70%"
"07/03/2020","38.95","39.60","40.00","38.85","2.85M","-0.64%"
"07/02/2020","39.20","37.70","39.50","37.55","6.75M","4.53%"
"07/01/2020","37.50","37.40","37.65","36.90","2.11M","1.35%"
"06/30/2020","37.00","37.00","37.45","36.60","4.39M","1.37%"
"06/29/2020","36.50","37.00","37.00","36.40","3.71M","-1.88%"
"06/26/2020","37.20","37.50","37.70","36.90","2.96M","0.95%"
"06/25/2020","36.85","37.70","37.75","36.85","6.53M","-3.03%"
"06/24/2020","38.00","38.20","38.50","38.00","1.57M","-0.52%"
"06/23/2020","38.20","38.65","38.65","37.95","3.97M","-1.16%"
"06/22/2020","38.65","39.00","39.30","37.60","3.63M","0.13%"
"06/19/2020","38.60","38.25","39.00","38.25","3.83M","1.05%"
"06/18/2020","38.20","38.80","38.85","38.00","4.22M","-1.55%"
"06/17/2020","38.80","39.50","40.00","38.80","3.23M","-0.89%"
"06/16/2020","39.15","38.70","39.50","38.35","4.84M","2.62%"
"06/15/2020","38.15","39.00","39.40","38.15","5.01M","-4.62%"
"06/11/2020","40.00","40.25","40.35","39.20","3.69M","-2.44%"
"06/10/2020","41.00","42.00","42.15","40.25","5.73M","-2.38%"
"06/09/2020","42.00","42.60","43.35","41.00","5.25M","-1.41%"
"06/08/2020","42.60","42.90","43.30","41.70","8.13M","2.65%"
"06/05/2020","41.50","42.90","42.90","40.40","7.76M","-3.49%"
"06/04/2020","43.00","39.90","43.20","39.80","11.99M","9.14%"
"06/03/2020","39.40","38.35","39.40","38.15","5.68M","3.28%"
"06/02/2020","38.15","37.15","38.30","37.10","4.25M","3.53%"
"06/01/2020","36.85","35.50","37.15","35.50","3.44M","4.69%"
"05/29/2020","35.20","34.80","35.20","34.40","10.13M","3.07%"
"05/28/2020","34.15","34.00","34.75","34.00","2.69M","1.04%"
"05/27/2020","33.80","33.50","33.80","33.20","2.98M","1.81%"
"05/26/2020","33.20","34.00","34.05","33.10","3.63M","-2.35%"
"05/22/2020","34.00","35.10","35.10","33.90","3.05M","-2.30%"
"05/21/2020","34.80","35.00","35.65","34.70","4.24M","-0.29%"
"05/20/2020","34.90","34.40","34.90","34.05","2.14M","2.80%"
"05/19/2020","33.95","35.10","35.20","33.95","4.92M","-0.29%"
"05/18/2020","34.05","35.60","35.70","34.05","6.13M","-4.08%"
"05/15/2020","35.50","36.25","36.25","35.50","2.46M","-1.39%"
"05/14/2020","36.00","36.20","36.25","35.85","2.58M","-0.55%"
"05/13/2020","36.20","36.70","36.75","36.20","1.54M","-0.69%"
"05/12/2020","36.45","37.00","37.25","36.40","3.85M","-0.95%"
"05/11/2020","36.80","37.10","37.40","36.75","2.37M","0.14%"
"05/08/2020","36.75","37.20","37.20","36.55","2.72M","-0.94%"
"05/07/2020","37.10","37.40","37.40","36.60","2.44M","0.82%"
"05/06/2020","36.80","37.40","37.40","36.50","7.65M","-1.87%"
"05/05/2020","37.50","37.20","37.85","37.20","3.22M","1.21%"
"05/04/2020","37.05","38.50","38.80","37.05","6.64M","-5.12%"
"04/30/2020","39.05","38.15","39.10","37.65","7.61M","3.86%"
"04/29/2020","37.60","38.00","38.05","37.40","2.11M","0.27%"
"04/28/2020","37.50","38.25","38.60","37.50","4.94M","0.00%"
"04/27/2020","37.50","38.80","38.90","37.50","4.45M","-3.85%"
"04/24/2020","39.00","39.45","39.50","38.75","4.57M","0.00%"
"04/23/2020","39.00","39.00","39.80","38.60","2.71M","2.50%"
"04/22/2020","38.05","38.50","39.05","37.60","3.68M","-2.31%"
"04/21/2020","38.95","40.15","40.50","38.55","6.93M","-5.80%"
"04/20/2020","41.35","41.95","42.30","40.00","3.09M","-0.72%"
"04/17/2020","41.65","41.00","42.10","40.75","4.89M","4.26%"
"04/16/2020","39.95","40.50","40.50","39.60","7.13M","-2.80%"
"04/15/2020","41.10","38.00","41.10","38.00","18.60M","5.79%"
"04/14/2020","38.85","37.50","39.15","37.25","7.99M","5.00%"
"04/13/2020","37.00","37.00","37.75","36.80","3.24M","1.93%"
"04/08/2020","36.30","37.20","37.40","36.30","4.92M","-2.02%"
"04/07/2020","37.05","38.10","38.40","37.05","6.28M","-0.27%"
"04/06/2020","37.15","37.50","37.60","37.00","4.77M","0.41%"
"04/03/2020","37.00","38.80","38.80","36.70","4.68M","-2.37%"
"04/02/2020","37.90","38.70","39.00","37.60","4.23M","-5.13%"
"04/01/2020","39.95","39.70","39.95","38.90","2.98M","-0.12%"
"03/31/2020","40.00","38.25","40.45","38.25","7.02M","6.38%"
"03/30/2020","37.60","37.80","37.80","36.20","3.88M","-0.79%"
"03/27/2020","37.90","37.90","39.85","37.20","7.85M","4.99%"
"03/26/2020","36.10","36.55","37.30","36.05","12.64M","0.56%"
"03/25/2020","35.90","37.90","38.05","35.90","5.71M","1.70%"
"03/24/2020","35.30","36.55","37.95","35.30","5.95M","-2.22%"
"03/23/2020","36.10","37.50","38.50","35.00","3.25M","-7.67%"
"03/20/2020","39.10","40.00","40.15","38.70","5.90M","0.26%"
"03/19/2020","39.00","39.50","40.00","32.90","9.90M","-10.34%"
"03/17/2020","43.50","44.00","44.10","41.55","2.53M","0.00%"
"03/16/2020","43.50","44.00","44.10","41.55","2.53M","-3.76%"
"03/13/2020","45.20","42.50","47.30","40.80","6.39M","4.27%"
"03/12/2020","43.35","47.00","47.00","43.05","6.52M","-9.88%"
"03/11/2020","48.10","51.70","51.70","47.80","3.48M","-2.53%"
"03/10/2020","49.35","45.60","50.50","45.55","5.15M","3.89%"
"03/09/2020","47.50","51.50","51.50","47.50","6.21M","-10.38%"
"03/06/2020","53.00","56.00","56.00","53.00","3.47M","-5.36%"
"03/05/2020","56.00","56.10","56.75","55.50","1.25M","-0.18%"
"03/04/2020","56.10","54.70","56.10","53.75","2.70M","4.86%"
"03/03/2020","53.50","56.20","56.35","53.50","4.28M","-2.90%"
"03/02/2020","55.10","56.10","57.45","55.10","2.56M","-1.69%"
"02/28/2020","56.05","57.25","57.30","56.05","4.44M","-2.10%"
"02/27/2020","57.25","59.10","60.00","57.20","2.64M","-3.13%"
"02/26/2020","59.10","59.00","59.20","57.20","4.38M","-1.66%"
"02/24/2020","60.10","60.85","61.00","59.35","2.05M","-1.23%"
"02/21/2020","60.85","61.00","61.10","60.60","2.46M","0.41%"
"02/20/2020","60.60","59.00","60.90","59.00","6.02M","2.71%"
"02/19/2020","59.00","58.35","59.30","58.35","1.53M","0.68%"
"02/18/2020","58.60","58.50","59.50","58.50","2.58M","-0.68%"
"02/17/2020","59.00","58.35","59.10","58.10","1.90M","1.72%"
"02/14/2020","58.00","59.30","59.85","58.00","3.02M","-2.27%"
"02/13/2020","59.35","59.00","59.70","58.45","1.95M","1.80%"
"02/12/2020","58.30","58.50","59.50","58.30","2.01M","0.00%"
"02/11/2020","58.30","59.75","60.50","58.30","1.00M","-0.85%"
"02/10/2020","58.80","60.80","61.15","58.60","2.35M","-3.45%"
"02/07/2020","60.90","60.95","61.30","60.80","1.51M","-1.06%"
"02/06/2020","61.55","60.00","61.55","60.00","2.33M","2.93%"
"02/05/2020","59.80","58.10","59.80","58.00","3.98M","5.56%"
"02/04/2020","56.65","56.65","58.40","56.65","8.60M","1.07%"
"02/03/2020","56.05","57.45","58.95","56.00","4.26M","-2.27%"
"01/31/2020","57.35","60.60","62.35","57.15","7.33M","-6.44%"
"01/30/2020","61.30","64.00","64.00","61.30","2.07M","-4.22%"
"01/29/2020","64.00","64.60","64.80","62.85","1.70M","-0.93%"
"01/28/2020","64.60","64.65","64.75","64.45","2.59M","-0.31%"
"01/27/2020","64.80","64.55","65.00","64.50","579.00K","0.39%"
"01/24/2020","64.55","64.70","64.75","64.00","2.74M","-0.39%"
"01/23/2020","64.80","64.90","64.90","64.10","2.86M","-0.23%"
"01/22/2020","64.95","63.50","64.95","63.45","1.96M","1.56%"
"01/21/2020","63.95","64.20","64.50","63.80","3.28M","-1.62%"
"01/20/2020","65.00","65.05","65.20","64.20","2.86M","-0.08%"
"01/17/2020","65.05","65.00","65.40","64.85","3.15M","0.08%"
"01/16/2020","65.00","64.70","65.40","64.40","1.73M","0.00%"
"01/15/2020","65.00","65.80","65.80","64.95","2.97M","-1.22%"
"01/14/2020","65.80","66.50","66.50","65.00","4.85M","-1.79%"
"01/13/2020","67.00","65.90","67.00","65.35","983.51K","0.00%"
"01/10/2020","67.00","65.90","67.00","65.35","983.51K","1.67%"
"01/09/2020","65.90","64.85","65.90","64.85","1.50M","2.01%"
"01/08/2020","64.60","64.50","64.95","64.10","1.95M","-0.77%"
"01/07/2020","65.10","64.50","65.45","64.25","1.34M","0.85%"
"01/06/2020","64.55","64.95","64.95","64.30","1.79M","-0.69%"